{
  "feat_name": "X_aparc_plv_theta",
  "n_samples": 200,
  "n_subjects": 100,
  "y_age_mean": 43.62,
  "y_age_std": 14.97516610926236,
  "regressors": {
    "rf": {
      "mae": 12.51625,
      "r2": 0.09716045218045821,
      "brain_age_gap": -0.2399500000000002,
      "mae_ci95": [
        11.289397500000002,
        13.811708750000001
      ],
      "r2_ci95": [
        -0.022145420124410238,
        0.17528501980282526
      ],
      "p_value": 0.0196078431372549,
      "null_r2_mean": -0.05330915210144141,
      "n_perm": 50
    },
    "dummy": {
      "mae": 13.652999999999999,
      "r2": -0.029321006922458093,
      "brain_age_gap": -1.1368683772161603e-15,
      "mae_ci95": [
        12.358284375,
        14.952125
      ],
      "r2_ci95": [
        -0.10058319822341391,
        -0.010903188755900487
      ],
      "p_value": NaN,
      "null_r2_mean": NaN,
      "n_perm": 50
    }
  }
}