{
  "feat_name": "X_aparc_plv_theta",
  "n_samples": 100,
  "n_subjects": 50,
  "y_age_mean": 43.12,
  "y_age_std": 15.48113690915496,
  "regressors": {
    "elasticnet": {
      "mae": 15.037506092173993,
      "r2": -0.13518646723528782,
      "brain_age_gap": 0.2595037478262161,
      "mae_ci95": [
        13.75096287099754,
        16.336739292785012
      ],
      "r2_ci95": [
        -0.2998518118778952,
        -0.013109684388881845
      ],
      "p_value": 0.6862745098039216,
      "null_r2_mean": -0.11567737584118759,
      "n_perm": 50
    },
    "dummy": {
      "mae": 14.722000000000003,
      "r2": -0.05341254648143101,
      "brain_age_gap": -1.1368683772161603e-15,
      "mae_ci95": [
        13.630937500000003,
        15.889100000000001
      ],
      "r2_ci95": [
        -0.11286198354232727,
        -0.031169658608328734
      ],
      "p_value": NaN,
      "null_r2_mean": NaN,
      "n_perm": 50
    },
    "rf": {
      "mae": 12.3097,
      "r2": 0.18546538593773998,
      "brain_age_gap": -0.013900000000000148,
      "mae_ci95": [
        10.7345375,
        13.941704999999999
      ],
      "r2_ci95": [
        0.019360115629486974,
        0.29286250059340474
      ],
      "p_value": 0.0196078431372549,
      "null_r2_mean": -0.08945767786449123,
      "n_perm": 50
    }
  }
}