{
  "feat_name": "X_aparc_plv_theta",
  "n_samples": 200,
  "n_subjects": 100,
  "class_counts": {
    "F(0)": 128,
    "M(1)": 72
  },
  "classifiers": {
    "logreg": {
      "ba_folds": [
        0.8690476190476191,
        0.7472527472527473,
        0.6979166666666667,
        0.7619047619047619,
        0.48989898989898994
      ],
      "ba_mean": 0.713204156954157,
      "ba_std": 0.12483360532643335,
      "auc_mean": 0.7975850538350537,
      "p_value": 0.0196078431372549,
      "null_ba_mean": 0.5065105827995534,
      "n_perm": 50
    }
  }
}