{
  "feat_name": "X_aparc_plv_theta",
  "n_samples": 100,
  "n_subjects": 50,
  "class_counts": {
    "F(0)": 64,
    "M(1)": 36
  },
  "classifiers": {
    "logreg": {
      "ba_folds": [
        0.7023809523809523,
        0.75,
        0.5595238095238095,
        0.8333333333333333,
        0.625
      ],
      "ba_mean": 0.694047619047619,
      "ba_std": 0.09535706854524181,
      "auc_mean": 0.8136190476190477,
      "p_value": 0.0196078431372549,
      "null_ba_mean": 0.5020111111111111,
      "n_perm": 50
    }
  }
}